ID,name,difficulty,x_1,y_1,r_1,scl_1,x_2,y_2,r_2,scl_2,x_3,y_3,r_3,scl_3,x_4,y_4,r_4,scl_4,x_5,y_5,r_5,scl_5,x_6,y_6,r_6,scl_6,x_7,y_7,r_7,scl_7
0,Cuadrado,0,380,210,0,1,580,210,90,1,580,310,45,1,580,310,180,1,430,360,-90,1,530,310,45,1,530,360,0,-1
1,C￿asa,0,580.0,350.0,89.99999,1,420.0,350.0,-90.0,1,480.0,450.0,135.0,1,580.0,450.0,180.0,1,480.0,450.0,-89.99999,1,456.0,245.0,0.0,1,350.0,350.0,-45.0,1
1,G￿ato,0,430.0,310.0,0.0,1,530.0,410.0,45.0,1,430.0,450.0,179.99997,1,484.0,195.0,15.0,-1,386.0,171.0,15.0,1,410.0,280.0,60.0,1,680.0,500.0,0.0,-1
2,H￿ombre,0,500.0,390.0,0.0,1,550.0,240.0,0.0,-1,550.0,230.0,0.0,1,500.0,290.0,89.99999,1,400.0,390.0,-89.99999,1,465.0,427.0,0.0,1,620.0,300.0,-45.0,-1
